190,d_basic_pos,1610464844,0
191,d_basic_neg,1610464844,0
192,d_basic_zero,1610464844,0
193,d_basic_onlypos,1610464844,0
194,d_basic_onlyneg,1610464844,0
195,d_basic_onlyzero,1610464844,0
196,d_intmax,1610464844,0
197,d_intmin,1610464844,0
198,d_width_pos_fits,1610464844,0
199,d_width_neg_fits,1610464844,0
200,d_width_zero_fits,1610464844,0
201,d_width_pos_exactfit,1610464844,0
202,d_width_neg_exactfit,1610464844,0
203,d_width_pos_nofit,1610464844,0
204,d_width_neg_nofit,1610464844,0
205,d_width_pos_fits_lj,1610464844,0
206,d_width_neg_fits_lj,1610464844,0
207,d_width_zero_fits_lj,1610464844,0
208,d_width_pos_exactfit_lj,1610464844,0
209,d_width_neg_exactfit_lj,1610464844,0
210,d_width_pos_nofit_lj,1610464844,0
211,d_width_neg_nofit_lj,1610464844,0
212,d_prec_fits_pos,1610464844,0
213,d_prec_fits_neg,1610464844,0
214,d_prec_fits_zero,1610464844,0
215,d_prec_exactfit_pos,1610464844,0
216,d_prec_exactfit_neg,1610464844,0
217,d_prec_nofit_pos,1610464844,0
218,d_prec_nofit_neg,1610464844,0
219,d_zp_pos_fits,1610464844,0
220,d_zp_neg_fits,1610464844,0
221,d_zp_zero_fits,1610464844,0
222,d_zp_pos_exactfit,1610464844,0
223,d_zp_neg_exactfit,1610464844,0
224,d_zp_neg_minus1fit,1610464844,0
225,d_prec_width_fit_fit_pos,1610464844,0
226,d_prec_width_fit_fit_neg,1610464844,0
227,d_prec_width_fit_fit_zero,1610464844,0
228,d_prec_width_nofit_fit_pos,1610464844,0
229,d_prec_width_nofit_fit_neg,1610464844,0
230,d_prec_width_fit_nofit_pos,1610464844,0
231,d_prec_width_fit_nofit_neg,1610464844,0
232,d_prec_width_nofit_nofit_pos,1610464844,0
233,d_prec_width_nofit_nofit_neg,1610464844,0
234,d_prec_width_fit_fit_pos_lj,1610464844,0
235,d_prec_width_fit_fit_neg_lj,1610464844,0
236,d_prec_width_fit_fit_zero_lj,1610464844,0
237,d_prec_width_nofit_fit_pos_lj,1610464844,0
238,d_prec_width_nofit_fit_neg_lj,1610464844,0
239,d_prec_width_fit_nofit_pos_lj,1610464844,0
240,d_prec_width_fit_nofit_neg_lj,1610464844,0
241,d_prec_width_nofit_nofit_pos_lj,1610464844,0
242,d_prec_width_nofit_nofit_neg_lj,1610464844,0
243,d_prec_width_ff_pos_zp,1610464844,0
244,d_prec_width_ff_neg_zp,1610464844,0
245,d_prec_width_ff_zero_zp,1610464844,0
246,d_prec_width_nf_pos_zp,1610464844,0
247,d_prec_width_nf_neg_zp,1610464844,0
248,d_prec_width_fn_pos_zp,1610464844,0
249,d_prec_width_fn_neg_zp,1610464844,0
250,d_prec_width_nn_pos_zp,1610464844,0
251,d_prec_width_nn_neg_zp,1610464844,0
252,d_prec_width_ff_pos_lj_zp_ignoreflag,1610464844,0
253,d_prec_width_ff_neg_ljzp_ignoreflag,1610464844,0
254,d_prec_width_ff_zero_ljzp_ignoreflag,1610464844,0
255,d_prec_width_nf_pos_ljzp_ignoreflag,1610464844,0
256,d_prec_width_nf_neg_ljzp_ignoreflag,1610464844,0
257,d_prec_width_fn_pos_ljzp_ignoreflag,1610464844,0
258,d_prec_width_fn_neg_ljzp_ignoreflag,1610464844,0
259,d_prec_width_nn_pos_ljzp_ignoreflag,1610464844,0
260,d_prec_width_nn_neg_ljzp_ignoreflag,1610464844,0
261,d_prec0val0_basic,1610464844,0
262,d_prec0val0_implicit,1610464844,0
263,d_prec0val0_w,1610464844,0
264,d_prec0val0_w_impl,1610464844,0
265,d_prec0val0_wlj,1610464844,0
266,d_prec0val0_wlj_impl,1610464844,0
4186,d_neg_prec_star_01,1610464844,0
4187,d_neg_prec_star_02,1610464844,0
4188,d_neg_prec_star_03,1610464844,0
